"id","pmid","seq","len","matrix","protein","ph","temp","incubation_time","activity","invitro_vivo","model","assay","starter_culture","hydrolysis","method","m_z","mass","ic50","stability","patent"
"FFDB1","18521593","DP","2","Acetes chinensis (shrimp sp. )","Marine Protein","6.12","38.10°C","24.19 h","ACE Inhibitory","NA","NA","NA","Lactobacillus fermentum SM 605","Proteases","LC-MS","NA","NA","2.15±0.02 uM","NA","NA"
"FFDB2","18521593","GTG","3","Acetes chinensis (shrimp sp. )","Marine Protein","6.12","38.10°C","24.19 h","ACE Inhibitory","NA","NA","NA","Lactobacillus fermentum SM 605","Proteases","LC-MS","NA","NA","5.54±0.09uM","NA","NA"
"FFDB3","18521593","ST","2","Acetes chinensis (shrimp sp. )","Marine Protein","6.12","38.10°C","24.19 h","ACE Inhibitory","NA","NA","NA","Lactobacillus fermentum SM 605","Proteases","LC-MS","NA","NA","4.03±0.1uM","NA","NA"
"FFDB4","8201050","AYFYPE","6","Milk","IS1-casein","NA","NA","NA","ACE inhibitory","in vivo","SHR","NA","Lactobacillus helveticus CP790","proteinase","NA","NA","NA","106uM","NA","NA"
"FFDB5","8201050","SKVLPVPQ","9","Milk","I-Casein","NA","NA","NA","antihypertensive","in vivo","SHR","NA","Lactobacillus helveticus CP790.","proteases","NA","NA","NA","4uM","NA","NA"
"FFDB6","8201050","GPFPIIV","8","Milk","I-Casein","NA","NA","NA","antihypertensive","in vivo","SHR","NA","Lactobacillus helveticus CP790.","proteases","NA","NA","NA","4uM","NA","NA"
"FFDB7","8201050","GTQYTDAPSFSDIPNPIGSENSEKTTMPLW","30","Milk","IS1-casein","NA","NA","NA","Antihypertensive","In vivo","SHR","NA","Lactobacillus helveticus CP790.","Proteinase","nano-LC-ESIMS/ MS","NA","NA","346uM","NA","NA"
"FFDB8","8201050","KYPVQPFTESQSLTL","15","Milk","I-Casein","NA","NA","NA","Antihypertensive","In vivo","SHR","NA","Lactobacillus helveticus CP790.","Proteinase","nano-LC-ESIMS/ MS","NA","NA","93uM","NA","NA"
"FFDB9","8201050","SVLSLSESKVLPVPE","15","Milk","I-Casein","NA","NA","NA","Antihypertensive","In vivo","SHR","NA","Lactobacillus helveticus CP790.","Proteinase","nano-LC-ESIMS/ MS","NA","NA","39uM","NA","NA"
"FFDB10","8201050","PPQSVLSLSESKVLPVPE","18","Milk","I-Casein","NA","NA","NA","Antihypertensive","In vivo","SHR","NA","Lactobacillus helveticus CP790.","Proteinase","nano-LC-ESIMS/ MS","NA","NA","25uM","NA","NA"
"FFDB11","8201050","RDMPIQAF","8","Milk","I-Casein","NA","NA","NA","Antihypertensive","In vivo","SHR","NA","Lactobacillus helveticus CP790.","Proteinase","nano-LC-ESIMS/ MS","NA","NA","209uM","NA","NA"
"FFDB12","8201050","YQQPVLGPVRGPFPIIV","17","Milk","I-Casein","NA","NA","NA","Antihypertensive","In vivo","SHR","NA","Lactobacillus helveticus CP790.","Proteinase","nano-LC-ESIMS/ MS","NA","NA","101uM","NA","NA"
"FFDB13","8201050","LPQNIPPLTQTPVVVPPFLQPEVMGVSK","28","Milk","I-Casein","NA","NA","NA","Antihypertensive","In vivo","SHR","NA","Lactobacillus helveticus CP790.","Proteinase","nano-LC-ESIMS/ MS","NA","NA","144uM","NA","NA"
"FFDB14","8201050","LLYQQPVLGPVRGPFPIIV","19","Milk","I-Casein","NA","NA","NA","Antihypertensive","In vivo","SHR","NA","Lactobacillus helveticus CP790.","Proteinase","nano-LC-ESIMS/ MS","NA","NA","21uM","NA","NA"
"FFDB15","8201050","DELQDKIHPFATQSLVYPFPGPIHNS","26","Milk","I-Casein","NA","NA","NA","Antihypertensive","In vivo","SHR","NA","Lactobacillus helveticus CP790.","Proteinase","nano-LC-ESIMS/ MS","NA","NA","4uM","NA","NA"
"FFDB16","8201050","AVPYPQR","7","Milk","I-Casein","NA","NA","NA","Antihypertensive","In vivo","SHR","NA","Lactobacillus helveticus CP790.","Proteinase","nano-LC-ESIMS/ MS","NA","NA","15uM","NA","NA"
"FFDB17","12369200","IPP","3","calpis sour Milk","I-Casein","NA","NA","NA","Antihypertensive","In vivo","SHR","NA","Lactobacillus helveticus and Saccharomyces cerevisiae","Proteinase","NA","NA","NA","5 micro mol/l","NA","NA"
"FFDB18","12369200","IPP","3","calpis sour Milk","k-casein","NA","NA","NA","Antihypertensive","In vivo","SHR","NA","Lactobacillus helveticus and Saccharomyces cerevisiae","Proteinase","NA","NA","NA","5 micro mol/l","NA","NA"
"FFDB19","12369200","VPP","3","calpis sour Milk","bovine I-Casein","NA","NA","NA","Antihypertensive","In vivo","SHR","NA","Lactobacillus helveticus and Saccharomyces cerevisiae","Proteinase","NA","NA","NA","9micromol/l","NA","NA"
"FFDB20","7673515","VPP","3","Skim Milk","I-Casein","4.2","37C","8-10h","Antihypertensive","In vivo","SHR","NA","Lactobacillus helveticus LBK16H and Saccharomyces cerevisae","proteinase","NA","NA","NA","NA","NA","NA"
"FFDB21","7673515","IPP","3","Skim Milk","I-Casein","4.2","37C","8-10h","Antihypertensive","In vivo","SHR","NA","Lactobacillus helveticus LBK16H and Saccharomyces cerevisae","proteinase","NA","NA","NA","NA","NA","NA"
"FFDB22","7673515","IPP","3","Skim Milk","k-casein","4.2","37C","8-10h","Antihypertensive","In vivo","SHR","NA","Lactobacillus helveticus LBK16H and Saccharomyces cerevisae","proteinase","NA","NA","NA","NA","NA","NA"
"FFDB23","12540390","IPP+VPP","7","Skim Milk","NA","4.0-4.2","37C","20h","Antihypertensive","In vivo","Human","NA","Lactobacillus helveticus LBK16H","proteinase","NA","NA","NA","NA","NA","NA"
"FFDB24","NA","NA","2","NA","NA","NA","NA","NA","NA","NA","NA","NA","NA","NA","NA","NA","NA","NA","NA","NA"
"FFDB25","10416158","YP","2","Yogurt like product","IS1-casein","4.3","NA","NA","ACE inhibitory","In Vivo","SHR","NA","Lactobacillus helveticus CPN4","proteinase","NA","NA","NA","720uM","NA","NA"
"FFDB26","10416158","YP","2","Yogurt like product","I-Casein","4.3","NA","NA","ACE inhibitory","In Vivo","SHR","NA","Lactobacillus helveticus CPN4","proteinase","NA","NA","NA","720uM","NA","NA"
"FFDB27","10416158","YP","2","Yogurt like product","k-casein","4.3","NA","NA","ACE inhibitory","In Vivo","SHR","NA","Lactobacillus helveticus CPN4","proteinase","NA","NA","NA","720uM","NA","NA"
"FFDB28","27435541","IPP","3","Fermented cow milk or dahi  (2.5% skim milk +2.5%casein)","NA","NA","37C","24h","Cholestrol lowering","In Vivo","hypercholesterolemic mice","NA","Lactobacillus helveticus strains KII13","NA","UPLC-MS/MS.","NA","NA","NA","NA","NA"
"FFDB29","27435541","VPP","3","Fermented cow milk or dahi  (2.5% skim milk +2.5%casein)","NA","NA","37C","24h","Cholestrol lowering","In Vivo","hypercholesterolemic mice","NA","Lactobacillus helveticus strains KII13","NA","UPLC-MS/MS.","NA","NA","NA","NA","NA"
"FFDB30","27435541","IPP","3","Fermented cow milk or dahi  (2.5% skim milk +2.5%casein)","NA","NA","37C","24h","Cholestrol lowering","In Vitro","hypercholesterolemic mice","NA","Lactobacillus helveticus strains KHI1","NA","UPLC-MS/MS.","NA","NA","NA","NA","NA"
"FFDB31","27435541","VPP","3","Fermented cow milk or dahi  (2.5% skim milk +2.5%casein)","NA","NA","37C","24h","Cholestrol lowering","In Vitro","hypercholesterolemic mice","NA","Lactobacillus helveticus strains KHI1","NA","UPLC-MS/MS.","NA","NA","NA","NA","NA"
"FFDB33","25222748","DVWY","4","Buckwheat sprouts","NA","NA","RT","2wk","Antihypertensive","In Vivo+ In vitro","SHR","NA","Lactobacillus plantarum KT","proteinase","UPLC-MS","NA","582.5","NA0.69±0.04NAmM","NA","NA"
"FFDB34","25222748","FDART","5","Buckwheat sprouts","NA","NA","RT","2wk","Antihypertensive","In Vivo+ In vitro","SHR","NA","Lactobacillus plantarum KT","proteinase","UPLC-MS","NA","609.6","1.9±0.1NAmM","NA","NA"
"FFDB35","25222748","FQ","2","Buckwheat sprouts","NA","NA","RT","2wk","Antihypertensive","In Vivo+ In vitro","SHR","NA","Lactobacillus plantarum KT","proteinase","UPLC-MS","NA","294.2","7.4±0.6NAmM","NA","NA"
"FFDB36","25222748","VAE","3","Buckwheat sprouts","NA","NA","RT","2wk","Antihypertensive","In Vivo+ In vitro","SHR","NA","Lactobacillus plantarum KT","proteinase","UPLC-MS","NA","318","55.9±1.9NAmM","NA","NA"
"FFDB37","25222748","VVG","3","Buckwheat sprouts","NA","NA","RT","2wk","Antihypertensive","In Vivo+ In vitro","SHR","NA","Lactobacillus plantarum KT","proteinase","UPLC-MS","NA","274.2","39.6±5.7NAmM","NA","NA"
"FFDB38","25222748","WTFR","4","Buckwheat sprouts","NA","NA","RT","2wk","Antihypertensive","In Vivo+ In vitro","SHR","NA","Lactobacillus plantarum KT","proteinase","UPLC-MS","NA","609.5","6.7±0.5NAmM","NA","NA"
"FFDB39","NA","NA","2","NA","NA","NA","NA","NA","NA","NA","NA","NA","NA","NA","NA","NA","NA","NA","NA","NA"
"FFDB40","AsharMNChadR","SKVYPFPGPI","10","Whey protein","I-Casein","NA","NA","NA","NA","NA","NA","NA"," Lactobacillus delbrueckii ssp. bulgaricus ","NA","NA","NA","NA","1.7NAmg/ml","NA","NA"
"FFDB41","AsharMNChadR","SKVYP","5","Dahi","I-Casein","NA","NA","NA","NA","NA","NA","NA","Lactobacillus delbrueckii ssp. Bulgaricus along with Streptococcus salivarius ssp. thermophilus and Lactococcus lactis biovar. diacetylactis (1:0.25:0.25)","NA","NA","NA","NA","1.4mg/ml","NA","NA"
"FFDB42","NA","DDQNPH","7","Milk","alpha-La","NA","30C","12h","Anti hypertensive  and cholestrol lowering","NA","SHR","NA","Lactococcus lactis strains NRRL B50571","NA","LC-MS","NA","723.9","0.05ug/ml","NA","US8865155B2"
"FFDB43","NA","LDDDLTDDI","10","Milk","alpha-La","NA","30C","12h","Antihypertensive &Cholestrol lowering","NA","SHR","NA","Lactococcus lactis strains NRRL B50571","NA","LC-MS","NA","1032.8","0.05ug/ml","NA","US8865155B2"
"FFDB44","NA","YPSYGL","7","Milk","k-casein","NA","30C","12h","Antihypertensive &Cholestrol lowering","NA","SHR","NA","Lactococcus lactis strains NRRL B50571","NA","LC-MS","NA","698.6","NA","NA","US8865155B2"
"FFDB45","NA","HPHPHLSFMAIPP","14","Milk","k-casein","NA","30C","12h","Antihypertensive &Cholestrol lowering","NA","SHR","NA","Lactococcus lactis strains NRRL B50571","NA","LC-MS","NA","1479","NA","NA","US8865155B2"
"FFDB46","NA","YDTQAIVQ","9","Milk","alpha-La","NA","30C","12h","Antihypertensive &Cholestrol lowering","NA","SHR","NA","Lactococcus lactis strains NRRL B50571","NA","LC-MS","NA","1035.7","NA","NA","US8865155B2"
"FFDB47","NA","DDDLTDDIMCV","12","Milk","alpha-La","NA","30C","12h","Antihypertensive &Cholestrol lowering","NA","SHR","NA","Lactococcus lactis strains NRRL B50571","NA","LC-MS","NA","1386.8","NA","NA","US8865155B2"
"FFDB48","NA","YPSYG","6","Milk","k-casein","NA","30C","12h","Antihypertensive &Cholestrol lowering","NA","SHR","NA","Lactococcus lactis strains NRRL B50571","NA","LC-MS","NA","585.9","NA","NA","US8865155B2"
"FFDB49","NA","AESIS","5","Milk","AlphaSI-CN","NA","30C","12h","Antihypertensive &Cholestrol lowering","NA","SHR","NA","Lactococcus lactis strains NRRL B50571","NA","LC-MS","NA","505.9","NA","NA","US8865155B2"
"FFDB50","NA","SITRINK","7","Milk","I-Casein","NA","30C","12h","Antihypertensive &Cholestrol lowering","NA","SHR","NA","Lactococcus lactis strains NRRL B50571","NA","LC-MS","NA","830.1","NA","NA","US8865155B2"
"FFDB51","NA","HIQKEDVPS","10","Milk","AlphaSI-CN","NA","30C","12h","Antihypertensive &Cholestrol lowering","NA","SHR","NA","Lactococcus lactis strains NRRL B50571","NA","LC-MS","NA","1051.4","NA","NA","US8865155B2"
"FFDB52","NA","TVQVTSTAV","9","Milk","k-casein","NA","30C","12h","Antihypertensive &Cholestrol lowering","NA","SHR","NA","Lactococcus lactis strains NRRL B50571","NA","LC-MS","NA","904.1","NA","NA","US8865155B2"
"FFDB54","NA","SLPQNIPPL","10","Milk","I-Casein","NA","30C","12h","Antihypertensive &Cholestrol lowering","NA","SHR","NA","Lactococcus lactis strains NRRL B50571","NA","LC-MS","NA","977.1","NA","NA","US8865155B2"
"FFDB55","NA","QEPVLGPVRGPFPIIV","17","Milk","I-Casein","NA","30C","12h","Antihypertensive &Cholestrol lowering","NA","SHR","NA","Lactococcus lactis strains NRRL B50571","NA","LC-MS","NA","1716.9","NA","NA","US8865155B2"
"FFDB56","NA","GPVRGPFPIIV","11","Milk","I-Casein","NA","30C","12h","Antihypertensive &Cholestrol lowering","NA","SHR","NA","Lactococcus lactis strains NRRL B50571","NA","LC-MS","NA","1150.4","NA","NA","US8865155B2"
"FFDB57","NA","YIPIQYVLS","11","Milk","k-casein","NA","30C","12h","Antihypertensive &Cholestrol lowering","NA","SHR","NA","Lactococcus lactis strains NRRL B50571","NA","LC-MS","NA","1094.4","NA","NA","US8865155B2"
"FFDB58","NA","TVQVTSTAV","9","Milk","k-casein","NA","30C","12h","Antihypertensive &Cholestrol lowering","NA","SHR","NA","Lactococcus lactis strains NRRL B50571","NA","LC-MS","NA","904.4","NA","NA","US8865155B2"
"FFDB59","NA","PEINTVQVTSTAV","14","Milk","k-casein","NA","30C","12h","Antihypertensive &Cholestrol lowering","NA","SHR","NA","Lactococcus lactis strains NRRL B50571","NA","LC-MS","NA","1356.7","NA","NA","US8865155B2"
"FFDB60","NA","GYLAVA","8","Milk","Serotransferrin","NA","30C","12h","Antihypertensive &Cholestrol lowering","NA","SHR","NA","Lactococcus lactis strains NRRL B50571","NA","LC-MS","NA","591.8","NA","NA","US8865155B2"
"FFDB61","NA","DVENLHLPLPLL","14","Milk","I-Casein","NA","30C","12h","Antihypertensive &Cholestrol lowering","NA","SHR","NA","Lactococcus lactis strains NRRL B50572","NA","LC-MS","NA","1371.53","NA","NA","US8865155B2"
"FFDB62","NA","YPSYGL","8","Milk","I-Casein","NA","30C","12h","Antihypertensive &Cholestrol lowering","NA","SHR","NA","Lactococcus lactis strains NRRL B50572","NA","LC-MS","NA","698.6","NA","NA","US8865155B2"
"FFDB63","NA","ENGEC","6","Milk","Beta-Lg","NA","30C","12h","Antihypertensive &Cholestrol lowering","NA","SHR","NA","Lactococcus lactis strains NRRL B50572","NA","LC-MS","NA","549.8","NA","NA","US8865155B2"
"FFDB64","NA","TVQVTSTAV","10","Milk","k-casein","NA","30C","12h","Antihypertensive &Cholestrol lowering","NA","SHR","NA","Lactococcus lactis strains NRRL B50572","NA","LC-MS","NA","904.2","NA","NA","US8865155B2"
"FFDB65","NA","GPVRGPFPIIV","12","Milk","I-Casein","NA","30C","12h","Antihypertensive &Cholestrol lowering","NA","SHR","NA","Lactococcus lactis strains NRRL B50572","NA","LC-MS","NA","1150.5","NA","NA","US8865155B2"
"FFDB66","NA","TDDIMCVK","9","Milk","alpha-La","NA","30C","12h","Antihypertensive &Cholestrol lowering","NA","SHR","NA","Lactococcus lactis strains NRRL B50572","NA","LC-MS","NA","922NA4NA","NA","NA","NA"
"FFDB67","PMC92236","LNVPGEIVE  ","12","UHT skim  Milk","I-Casein","NA","37C","72h","ACE inhibitory","In vitro","NA","NA","Lactobacillus delbrueckii subsp. bulgaricus SS1","proteinase and peptidase","FABMS","NA","969.5","300.1umol/l","NA","NA"
"FFDB68","PMC92236","NIPPLTQTPV","10","UHT skim  Milk","I-Casein","NA","37C","72h","ACE inhibitory","In vitro","NA","NA","Lactobacillus delbrueckii subsp. bulgaricus SS1","proteinase and peptidase","FABMS","NA","1079.6","173.3NAumol/l","NA","NA"
"FFDB69","PMC92236","IPPLTQTPV","9","UHT skim  Milk","I-Casein","NA","37C","72h","ACE inhibitory","In vitro","NA","NA","Lactobacillus delbrueckii subsp. bulgaricus SS1","proteinase and peptidase","FABMS","NA","965.5","NA","NA","NA"
"FFDB70","PMC92236","PPLTQTPV","8","UHT skim  Milk","I-Casein","NA","37C","72h","ACE inhibitory","In vitro","NA","NA","Lactobacillus delbrueckii subsp. bulgaricus SS1","proteinase and peptidase","FABMS","NA","852.4","NA","NA","NA"
"FFDB71","PMC92236","NVPGEIVE","8","UHT skim  Milk","I-Casein","NA","37C","72h","ACE inhibitory","In vitro","NA","NA","Lactobacillus delbrueckii subsp. bulgaricus SS1","proteinase and peptidase","FABMS","NA","856.4","NA","NA","NA"
"FFDB72","PMC92236","NVPGEIVE","8","UHT skim  Milk","I-Casein","NA","30C","72h","ACE inhibitory","In vitro","NA","NA","Lactococcus lactis subsp. cremoris FT4","proteinase and peptidase","FABMS","NA","856.4","NA","NA","NA"
"FFDB73","PMC92236","DKIHPF","6","UHT skim  Milk","I-Casein","NA","30C","72h","ACE inhibitory","In vitro","NA","NA","Lactococcus lactis subsp. cremoris FT4","proteinase and peptidase","FABMS","NA","755.4","256.8umol/l","NA","NA"
"FFDB74","PMC92236","KVLPVPE","7","UHT skim  Milk","I-Casein","NA","30C","72h","ACE inhibitory","In vitro","NA","NA","Lactococcus lactis subsp. cremoris FT4","proteinase and peptidase","FABMS","NA","780.1","NA","NA","NA"
"FFDB75","PMC92236","VIGSPPEIN","9","UHT skim  Milk","k-casein","NA","30C","72h","ACE inhibitory","In vitro","NA","NA","Lactococcus lactis subsp. cremoris FT4","proteinase and peptidase","FABMS","NA","996.5",">1000umol/l","NA","NA"
"FFDB76","PMC92236","SPPEIN","6","UHT skim  Milk","k-casein","NA","30C","72h","ACE inhibitory","In vitro","NA","NA","Lactococcus lactis subsp. cremoris FT4","proteinase and peptidase","FABMS","NA","655.7","NA","NA","NA"
"FFDB77","26877633","RELEELNVPGEIVE","14","Skimmed Milk","I-Casein","NA","37C","24h","NA","NA","NA","Spectrophotometric assay","Bifidobacterium longum KACC 91563","peptidase","LC-ESI-TOF-MS/MS","812.9118+2","NA","NA","NA","NA"
"FFDB78","26877633","MPFPKYPVEPFTESQSL","17","Skimmed Milk","I-Casein","NA","37C","24h","NA","NA","NA","NA","Bifidobacterium longum KACC 91563","peptidase","LC-ESI-TOF-MS/MS","998.9681+2","NA","NA","NA","NA"
"FFDB79","26877633","YQEPVLGPVRGPFP","14","Skimmed Milk","I-Casein","NA","37C","24h","NA","NA","NA","NA","Bifidobacterium longum KACC 91563","peptidase","LC-ESI-TOF-MS/MS","778.3948+2","NA","NA","NA","NA"
"FFDB80","26877633","YQEPVLGPVRGPFPIIV","18","Skimmed Milk","I-Casein","NA","37C","24h","ACE inhibitory","In vitro","NA","NA","Bifidobacterium longum KACC 91563","peptidase","LC-ESI-TOF-MS/MS","941.0134+2","NA","NA","NA","NA"
"FFDB81","26877633","QEPVLGPVRGPFPIIV","17","Skimmed Milk","I-Casein","NA","37C","24h","ACE inhibitory","In vitro","NA","NA","Bifidobacterium longum KACC 91563","peptidase","LC-ESI-TOF-MS/MS","850.9726+2","NA","NA","NA","NA"
"FFDB82","26877633","EPVLGPVRGPFP","12","Skimmed Milk","I-Casein","NA","37C","24h","NA","NA","NA","NA","Bifidobacterium longum KACC 91563","peptidase","LC-ESI-TOF-MS/MS","632.8387+2","NA","NA","NA","NA"
"FFDB83","26877633","EPVLGPVRGPFPIIV","15","Skimmed Milk","I-Casein","NA","37C","24h","NA","NA","NA","NA","Bifidobacterium longum KACC 91563","peptidase","LC-ESI-TOF-MS/MS","795.4579+2","NA","NA","NA","NA"
"FFDB84","26877633","PVLGPVRGPFPIIV","14","Skimmed Milk","I-Casein","NA","37C","24h","NA","NA","NA","NA","Bifidobacterium longum KACC 91563","peptidase","LC-ESI-TOF-MS/MS","730.9369+2","NA","NA","NA","NA"
"FFDB85","26877633","VLGPVRGPFPIIV","14","Skimmed Milk","I-Casein","NA","37C","24h","NA","NA","NA","NA","Bifidobacterium longum KACC 91563","peptidase","LC-ESI-TOF-MS/MS","682.4100+2","NA","NA","NA","NA"
"FFDB86","26877633","LGPVRGPFPIIV","12","Skimmed Milk","I-Casein","NA","37C","24h","NA","NA","NA","NA","Bifidobacterium longum KACC 91563","peptidase","LC-ESI-TOF-MS/MS","632.8768+2","NA","NA","NA","NA"
"FFDB87","26877633","GPVRGPFPIIV","11","Skimmed Milk","I-Casein","NA","37C","24h","ACE inhibitory","In vitro","NA","NA","Bifidobacterium longum KACC 91563","peptidase","LC-ESI-TOF-MS/MS","576.3378+2","NA","NA","NA","NA"
"FFDB88","26877633","LPQEVLNENLL","12","Skimmed Milk","IS1-casein","NA","37C","24h","NA","NA","NA","NA","Bifidobacterium longum KACC 91563","peptidase","LC-ESI-TOF-MS/MS","652.3267+2","NA","NA","NA","NA"
"FFDB89","26877633","LPQEVLNENLLRF","13","Skimmed Milk","IS1-casein","NA","37C","24h","NA","NA","NA","NA","Bifidobacterium longum KACC 91563","peptidase","LC-ESI-TOF-MS/MS","792.9204+2","NA","NA","NA","NA"
"FFDB90","26877633","APFPEVFGK","9","Skimmed Milk","IS1-casein","NA","37C","24h","NA","NA","NA","NA","Bifidobacterium longum KACC 91563","peptidase","LC-ESI-TOF-MS/MS","496.2541+2","NA","NA","NA","NA"
"FFDB91","26877633","APSFSDIPNPIGSEN","15","Skimmed Milk","IS1-casein","NA","37C","24h","NA","NA","NA","NA","Bifidobacterium longum KACC 91563","peptidase","LC-ESI-TOF-MS/MS","783.8367+2","NA","NA","NA","NA"
"FFDB92","26877633","APSFSDIPNPIGSENSEKTTMP","22","Skimmed Milk","IS1-casein","NA","37C","24h","NA","NA","NA","NA","Bifidobacterium longum KACC 91563","peptidase","LC-ESI-TOF-MS/MS","1160.019+2","NA","NA","NA","NA"
"FFDB93","26877633","APSFSDIPNPIGSENSEKTTMPLW","24","Skimmed Milk","IS1-casein","NA","37C","24h","NA","NA","NA","NA","Bifidobacterium longum KACC 91563","peptidase","LC-ESI-TOF-MS/MS","878.7391+2","NA","NA","NA","NA"
"FFDB94","26877633","PSFSDIPNPIGSENSEKTTMP","21","Skimmed Milk","IS1-casein","NA","37C","24h","NA","NA","NA","NA","Bifidobacterium longum KACC 91563","peptidase","LC-ESI-TOF-MS/MS","1102.488+2","NA","NA","NA","NA"
"FFDB95","26877633","SFSDIPNPIGSENSEKTTMPLW","22","Skimmed Milk","IS1-casein","NA","37C","24h","NA","NA","NA","NA","Bifidobacterium longum KACC 91563","peptidase","LC-ESI-TOF-MS/MS","1225.555+2","NA","NA","NA","NA"
"FFDB96","26877633","FSDIPNPIGSENSEKTTMPLW","22","Skimmed Milk","IS1-casein","NA","37C","24h","NA","NA","NA","NA","Bifidobacterium longum KACC 91563","peptidase","LC-ESI-TOF-MS/MS","1182.031+2","NA","NA","NA","NA"
"FFDB97","26877633","SDIPNPIGSENSEKTTMPLW","20","Skimmed Milk","IS1-casein","NA","37C","24h","NA","NA","NA","NA","Bifidobacterium longum KACC 91563","peptidase","LC-ESI-TOF-MS/MS","1108.502+2","NA","NA","NA","NA"
